{
    "root_group": {
        "id": "d41d8cd98f00b204e9800998ecf8427e",
        "groups": {},
        "checks": {
                "status is 200": {
                    "fails": 0,
                    "name": "status is 200",
                    "path": "::status is 200",
                    "id": "6210a8cd14cd70477eba5c5e4cb3fb5f",
                    "passes": 573
                },
                "body is not empty": {
                    "path": "::body is not empty",
                    "id": "07acb1819a671220411c076fcb8fe456",
                    "passes": 573,
                    "fails": 0,
                    "name": "body is not empty"
                },
                "response time < 500ms": {
                    "passes": 573,
                    "fails": 0,
                    "name": "response time < 500ms",
                    "path": "::response time < 500ms",
                    "id": "3e02485a995423a591645f4eee6c60eb"
                }
            },
        "name": "",
        "path": ""
    },
    "metrics": {
        "data_received": {
            "count": 777903,
            "rate": 153825.84733674253
        },
        "http_reqs": {
            "count": 573,
            "rate": 113.30745674454715
        },
        "http_req_tls_handshaking": {
            "avg": 0,
            "min": 0,
            "med": 0,
            "max": 0,
            "p(90)": 0,
            "p(95)": 0
        },
        "checks": {
            "fails": 0,
            "passes": 1719,
            "value": 1
        },
        "http_req_duration{expected_response:true}": {
            "avg": 43.19803917626531,
            "min": 15.041549,
            "med": 37.789078,
            "max": 257.374106,
            "p(90)": 51.49009720000003,
            "p(95)": 60.220423199999985
        },
        "http_req_waiting": {
            "p(95)": 59.40234999999999,
            "avg": 42.74086627748691,
            "min": 12.543236,
            "med": 37.425857,
            "max": 252.902635,
            "p(90)": 51.06294940000002
        },
        "http_req_failed": {
            "passes": 0,
            "fails": 573,
            "value": 0
        },
        "http_req_sending": {
            "avg": 0.07047906806282724,
            "min": 0.01183,
            "med": 0.019829,
            "max": 1.610522,
            "p(90)": 0.14526280000000028,
            "p(95)": 0.30823319999999993
        },
        "iteration_duration": {
            "p(90)": 52.94396240000006,
            "p(95)": 60.9176128,
            "avg": 43.84567090924958,
            "min": 30.234496,
            "med": 38.320028,
            "max": 264.7188
        },
        "iterations": {
            "count": 573,
            "rate": 113.30745674454715
        },
        "http_req_duration": {
            "avg": 43.19803917626531,
            "min": 15.041549,
            "med": 37.789078,
            "max": 257.374106,
            "p(90)": 51.49009720000003,
            "p(95)": 60.220423199999985
        },
        "http_req_connecting": {
            "med": 0,
            "max": 2.577947,
            "p(90)": 0,
            "p(95)": 0,
            "avg": 0.011425664921465968,
            "min": 0
        },
        "vus": {
            "value": 5,
            "min": 5,
            "max": 5
        },
        "http_req_blocked": {
            "avg": 0.15654816579406627,
            "min": 0.004227,
            "med": 0.006326,
            "max": 17.212964,
            "p(90)": 0.009887600000000017,
            "p(95)": 0.06973799999999998
        },
        "vus_max": {
            "value": 5,
            "min": 5,
            "max": 5
        },
        "http_req_receiving": {
            "min": 0.068079,
            "med": 0.299625,
            "max": 8.908719,
            "p(90)": 0.6512626000000004,
            "p(95)": 0.8254646,
            "avg": 0.3866938307155325
        },
        "data_sent": {
            "rate": 10633.301695505295,
            "count": 53773
        }
    }
}